{"stat.useItem.minecraft.stone_shovel":2,"stat.walkOneCm":5385,"stat.drop":7,"stat.jump":5,"stat.playOneMinute":7499,"stat.craftItem.minecraft.planks":4,"stat.useItem.mythria.iron_ingot":1,"stat.drop.mythria.ceramic_mold_ingot":1,"stat.drop.minecraft.clay_ball":5,"stat.pickup.mythria.thatch":1,"stat.drop.minecraft.dirt":1,"stat.timeSinceDeath":7499,"stat.pickup.mythria.ceramic_vessel":4,"stat.pickup.minecraft.dirt":1,"stat.sprintOneCm":270,"stat.mineBlock.minecraft.dirt":1,"stat.useItem.minecraft.stone_slab2":6,"stat.mineBlock.minecraft.tallgrass":1}