{"stat.walkOneCm":26832,"stat.damageTaken":208,"stat.pickup.mythria.thatch":2,"stat.drop.minecraft.dirt":1,"stat.mineBlock.minecraft.double_plant":1,"stat.craftItem.mythria.tool_handle":1,"stat.aviateOneCm":223728,"stat.flyOneCm":108985,"stat.drop":2,"stat.jump":437,"stat.swimOneCm":14911,"stat.playOneMinute":19987,"stat.fallOneCm":538,"stat.pickup.minecraft.iron_pickaxe":1,"stat.sneakTime":35,"stat.drop.mythria.thatch":1,"stat.damageDealt":63,"stat.crouchOneCm":57,"stat.timeSinceDeath":19987,"stat.pickup.minecraft.dirt":1,"stat.sprintOneCm":63111,"stat.useItem.minecraft.stone_slab2":1,"stat.mineBlock.minecraft.tallgrass":1,"stat.diveOneCm":6641}