{
  "minecraft:recipes/redstone/stone_button": {
    "criteria": {
      "has_stone": "2018-05-19 13:23:03 -0500"
    },
    "done": true
  },
  "minecraft:recipes/building_blocks/stonebrick": {
    "criteria": {
      "has_stone": "2018-05-19 13:23:03 -0500"
    },
    "done": true
  },
  "minecraft:recipes/building_blocks/stone_slab": {
    "criteria": {
      "has_stone": "2018-05-19 13:23:03 -0500"
    },
    "done": true
  },
  "minecraft:recipes/redstone/stone_pressure_plate": {
    "criteria": {
      "has_stone": "2018-05-19 13:23:03 -0500"
    },
    "done": true
  },
  "minecraft:adventure/adventuring_time": {
    "criteria": {
      "extreme_hills": "2018-05-19 13:21:44 -0500"
    },
    "done": false
  }
}